{"trade_date": "2026-07-24", "history_days": 25, "checked_count": 1374, "long": [{"code": "6226", "name": "光鼎", "prevClose": 18.8, "prevHigh": 19.8, "prevLow": 17.75, "todayOpen": 17.85, "pctToday": 4.444444444444448, "chg20": 13.253012048192767, "chg10": -29.32330827067669, "vol5avg": 8082187.6, "volToday": 20403969.0, "amplitude": 11.388888888888893, "historyDays": 25}, {"code": "2426", "name": "鼎元", "prevClose": 62.0, "prevHigh": 66.3, "prevLow": 58.8, "todayOpen": 60.0, "pctToday": 1.4729950900163642, "chg20": -27.144535840188013, "chg10": -13.88888888888889, "vol5avg": 9314209.0, "volToday": 18085589.0, "amplitude": 12.274959083469723, "historyDays": 25}, {"code": "4977", "name": "眾達-KY", "prevClose": 139.0, "prevHigh": 147.5, "prevLow": 132.0, "todayOpen": 134.0, "pctToday": 3.3457249070631967, "chg20": -21.468926553672315, "chg10": -8.852459016393443, "vol5avg": 1759696.4, "volToday": 8626255.0, "amplitude": 11.524163568773234, "historyDays": 25}], "short": [{"code": "8114", "name": "振樺電", "prevClose": 230.0, "prevHigh": 250.0, "prevLow": 223.0, "todayOpen": 231.0, "pctToday": -0.8620689655172413, "chg20": 21.693121693121693, "chg10": 12.745098039215685, "vol5avg": 1538434.0, "volToday": 5050679.0, "amplitude": 11.637931034482758, "historyDays": 25}], "note": "條件1為「近20日累計>20%」或「近10日累計>15%」符合任一即算通過；振幅=(當日高-當日低)/昨收"}