{"trade_date": "2026-07-23", "history_days": 22, "checked_count": 1373, "long": [{"code": "4551", "name": "智伸科", "prevClose": 188.0, "prevHigh": 196.5, "prevLow": 182.0, "todayOpen": 182.0, "pctToday": 3.296703296703297, "chg20": -22.950819672131146, "chg10": -23.577235772357724, "vol5avg": 1012374.6, "volToday": 1847539.0, "amplitude": 7.967032967032966, "historyDays": 22}, {"code": "2426", "name": "鼎元", "prevClose": 61.1, "prevHigh": 63.9, "prevLow": 58.0, "todayOpen": 59.0, "pctToday": 3.9115646258503474, "chg20": -34.5123258306538, "chg10": -16.870748299319725, "vol5avg": 7491354.4, "volToday": 14052620.0, "amplitude": 10.034013605442176, "historyDays": 22}], "short": [{"code": "6141", "name": "柏承", "prevClose": 42.9, "prevHigh": 46.2, "prevLow": 39.3, "todayOpen": 43.85, "pctToday": 2.1428571428571392, "chg20": 10.709677419354835, "chg10": 20.84507042253521, "vol5avg": 3203270.6, "volToday": 8549172.0, "amplitude": 16.42857142857144, "historyDays": 22}, {"code": "1718", "name": "中纖", "prevClose": 11.35, "prevHigh": 12.75, "prevLow": 11.15, "todayOpen": 12.15, "pctToday": -8.097165991902834, "chg20": 22.968580715059577, "chg10": -20.35087719298246, "vol5avg": 27657428.8, "volToday": 80916543.0, "amplitude": 12.955465587044532, "historyDays": 22}], "note": "條件1為「近20日累計>20%」或「近10日累計>15%」符合任一即算通過；振幅=(當日高-當日低)/昨收"}