{"trade_date": "2026-07-23", "history_days": 22, "checked_count": 1373, "long": [{"code": "1229", "name": "聯華", "prevClose": 42.5, "prevHigh": 42.7, "prevLow": 40.85, "todayOpen": 41.3, "pctToday": 5.721393034825863, "ma5": 40.85, "ma10": 40.660000000000004, "vol5avg": 2929709.0, "volToday": 9105810.0, "valueApprox": 386996925.0, "high20": 44.2, "low20": 39.7, "close10max": 41.45, "close10min": 40.0, "chg3": 6.117353308364551, "historyDays": 22}], "short": [], "note": "換手率條件因缺流通股本資料，未計入判斷；突破條件為20日新高/低或10日收盤高低點近似判斷"}