{"trade_date": "2026-07-21", "history_days": 20, "checked_count": 1372, "long": [{"code": "2615", "name": "萬海", "prevClose": 85.2, "prevHigh": 85.8, "prevLow": 81.6, "todayOpen": 81.8, "pctToday": 5.83850931677019, "ma5": 81.52000000000001, "ma10": 80.3, "vol5avg": 8929800.2, "volToday": 26374248.0, "valueApprox": 2247085929.6, "high20": null, "low20": null, "close10max": 81.7, "close10min": 77.0, "chg3": 5.5762081784386615, "historyDays": 20}, {"code": "2801", "name": "彰銀", "prevClose": 24.3, "prevHigh": 24.3, "prevLow": 23.85, "todayOpen": 23.85, "pctToday": 1.8867924528301856, "ma5": 23.95, "ma10": 23.865000000000002, "vol5avg": 21459452.6, "volToday": 39441368.0, "valueApprox": 958425242.4, "high20": null, "low20": null, "close10max": 24.05, "close10min": 23.5, "chg3": 1.4613778705636804, "historyDays": 20}], "short": [], "note": "換手率條件因缺流通股本資料，未計入判斷；突破條件為20日新高/低或10日收盤高低點近似判斷"}