{"trade_date": "2026-07-22", "history_days": 21, "checked_count": 1372, "long": [], "short": [{"code": "1718", "name": "中纖", "prevClose": 12.35, "prevHigh": 13.95, "prevLow": 12.35, "todayOpen": 13.5, "pctToday": -6.439393939393937, "ma5": 13.37, "ma10": 13.844999999999999, "vol5avg": 9955737.2, "volToday": 102414990.0, "valueApprox": 1264825126.5, "high20": 16.2, "low20": 8.96, "close10max": 14.95, "close10min": 13.0, "chg3": -9.523809523809529, "historyDays": 21}], "note": "換手率條件因缺流通股本資料，未計入判斷；突破條件為20日新高/低或10日收盤高低點近似判斷"}